"","player","height","weight","birth_year"
"1","Kenny Anderson",183,76,1970
"2","Terrell Brandon",180,81,1970
"3","Sean Green",196,95,1970
"4","Stanley Roberts",213,129,1970
"5","Eric Anderson",206,99,1970
"6","Alex Blackwell",198,113,1970
"7","Dexter Cambridge",201,101,1970
"8","Doug Christie",198,90,1970
"9","Hubert Davis",196,83,1970
"10","Todd Day",198,85,1970
"11","Richard Dumas",190,77,1970
"12","LaPhonso Ellis",203,108,1970
"13","Litterial Green",185,83,1970
"14","Robert Horry",206,99,1970
"15","Stephen Howard",206,102,1970
"16","Jim Jackson",198,99,1970
"17","Dave Johnson",201,95,1970
"18","Adam Keefe",206,104,1970
"19","Sam Mack",201,99,1970
"20","Don MacLean",208,106,1970
"21","Lee Mayberry",185,78,1970
"22","Oliver Miller",206,127,1970
"23","Harold Miner",196,95,1971
"24","Alonzo Mourning*",208,108,1970
"25","Tracy Murray",201,102,1971
"26","Shaquille O'Neal*",216,147,1972
"27","Malik Sealy",203,86,1970
"28","Reggie Smith",208,108,1970
"29","Latrell Sprewell",196,86,1970
"30","Bryant Stith",196,94,1970
"31","Clarence Weatherspoon",198,108,1970
"32","Marcus Webb",206,115,1970
"33","Robert Werdann",211,113,1970
"34","Corey Williams",188,86,1970
"35","Randy Woods",178,83,1970
"36","Vin Baker",211,105,1971
"37","Shawn Bradley",229,106,1972
"38","P.J. Brown",229,106,1972
"39","Evers Burns",203,117,1971
"40","Scott Burrell",201,98,1971
"41","Calbert Cheaney",201,94,1971
"42","Terry Dehere",188,86,1971
"43","Dell Demps",190,92,1970
"44","Acie Earl",208,108,1970
"45","Bill Edwards",203,97,1971
"46","Doug Edwards",201,99,1971
"47","Harold Ellis",196,90,1970
"48","Alphonso Ford",185,86,1971
"49","Greg Graham",193,78,1970
"50","Anfernee Hardaway",201,88,1971
"51","Lucious Harris",196,86,1970
"52","Antonio Harvey",211,102,1970
"53","Scott Haskin",211,113,1970
"54","Allan Houston",198,90,1971
"55","Lindsey Hunter",188,77,1970
"56","Bobby Hurley",183,74,1971
"57","Stanley Jackson",190,83,1970
"58","Chris Jent",201,99,1970
"59","Popeye Jones",203,113,1970
"60","Adonis Jordan",180,77,1970
"61","Warren Kidd",206,106,1970
"62","George Lynch",203,98,1970
"63","Malcolm Mackey",206,112,1970
"64","Jamal Mashburn",203,108,1972
"65","Darnell Mee",196,79,1971
"66","Chris Mills",198,97,1970
"67","Gheorghe Muresan",231,137,1971
"68","Bo Outlaw",203,95,1971
"69","Mike Peplowski",208,122,1970
"70","Isaiah Rider",196,97,1971
"71","Eric Riley",213,111,1970
"72","Rodney Rogers",201,106,1971
"73","Bryon Russell",201,102,1970
"74","Kevin Thompson",211,117,1971
"75","Keith Tower",211,113,1970
"76","Nick Van",211,113,1970
"77","Rex Walters",193,86,1970
"78","Chris Webber",206,111,1973
"79","Matt Wenstrom",216,113,1970
"80","David Wesley",183,86,1970
"81","Chris Whitney",183,76,1971
"82","Aaron Williams",206,99,1971
"83","Luther Wright",218,122,1971
"84","Derrick Alston",211,102,1972
"85","Elmer Bennett",183,77,1970
"86","Tim Breaux",201,97,1970
"87","Bill Curley",206,99,1972
"88","Yinka Dare",213,120,1972
"89","Tony Dumas",198,86,1972
"90","Howard Eisley",188,80,1972
"91","Brian Grant",206,115,1972
"92","Darrin Hancock",201,92,1971
"93","Grant Hill",203,102,1972
"94","Juwan Howard",206,108,1973
"95","Askia Jones",196,90,1971
"96","Jason Kidd",193,92,1973
"97","Ryan Lorthridge",193,86,1972
"98","Donyell Marshall",206,98,1973
"99","Darrick Martin",180,77,1971
"100","Jim McIlvaine",216,108,1972
"101","Aaron McKie",196,94,1972
"102","Anthony Miller",206,102,1971
"103","Greg Minor",198,95,1971
"104","Eric Mobley",211,106,1970
"105","Eric Montross",213,122,1971
"106","Dwayne Morton",201,88,1971
"107","Lamond Murray",201,107,1973
"108","Ivano Newbill",206,111,1970
"109","Julius Nwosu",208,115,1971
"110","Wesley Person",198,88,1971
"111","Derrick Phelps",193,82,1972
"112","Eric Piatkowski",201,97,1970
"113","Khalid Reeves",190,90,1972
"114","Glenn Robinson",201,102,1973
"115","Carlos Rogers",211,99,1971
"116","Jalen Rose",203,95,1973
"117","Clifford Rozier",211,111,1972
"118","Trevor Ruffin",185,83,1970
"119","Dickey Simpkins",206,112,1972
"120","Reggie Slater",201,97,1970
"121","Mark Strickland",206,95,1970
"122","Aaron Swinson",196,104,1971
"123","Zan Tabak",213,111,1970
"124","Brooks Thompson",193,87,1970
"125","Fred Vinson",193,86,1971
"126","Charlie Ward",188,86,1970
"127","Jamie Watson",201,86,1972
"128","Monty Williams",203,102,1971
"129","Dontonio Wingfield",203,116,1974
"130","Sharone Wright",211,117,1973
"131","Cory Alexander",185,83,1973
"132","Jerome Allen",193,83,1973
"133","John Amaechi",208,122,1970
"134","Ashraf Amaya",203,104,1971
"135","Brent Barry",198,83,1971
"136","Corey Beck",185,86,1971
"137","Mario Bennett",198,106,1973
"138","Travis Best",180,82,1972
"139","Melvin Booker",185,83,1972
"140","Donnie Boyce",196,88,1973
"141","Marques Bragg",203,104,1970
"142","Junior Burrough",203,109,1973
"143","Jason Caffey",203,115,1973
"144","Chris Carr",196,93,1974
"145","Randolph Childress",188,85,1972
"146","Robert Churchwell",198,88,1972
"147","Charles Claxton",213,120,1970
"148","John Coker",213,114,1971
"149","Rastko Cvetkovic",216,117,1970
"150","Sasha Danilovic",196,90,1970
"151","Andrew DeClercq",208,104,1973
"152","Tyus Edney",178,68,1973
"153","Michael Finley",201,97,1973
"154","Sherell Ford",201,95,1972
"155","Kevin Garnett",211,108,1976
"156","Anthony Goldwire",185,82,1971
"157","Thomas Hamilton",218,149,1975
"158","Alan Henderson",206,106,1972
"159","Fred Hoiberg",193,92,1972
"160","Darryl Johnson",201,95,1970
"161","Frankie King",185,83,1972
"162","Voshon Lenard",193,92,1973
"163","Martin Lewis",196,95,1975
"164","Rich Manning",211,114,1970
"165","Donny Marshall",206,98,1973
"166","Cuonzo Martin",196,96,1971
"167","Clint McDaniel",193,81,1972
"168","Antonio McDyess",206,99,1974
"169","Loren Meyer",208,116,1972
"170","Lawrence Moten",196,83,1972
"171","Todd Mundt",213,113,1970
"172","Howard Nathan",180,79,1972
"173","Ed O'Bannon",203,100,1972
"174","Greg Ostertag",218,127,1973
"175","Cherokee Parks",196,95,1973
"176","Theo Ratliff",208,102,1973
"177","Bryant Reeves",213,124,1973
"178","Don Reid",203,113,1973
"179","Terrence Rencher",190,83,1973
"180","Shawn Respert",185,88,1972
"181","Lou Roe",201,99,1972
"182","Eric Snow",190,86,1973
"183","Jerry Stackhouse",198,98,1974
"184","Damon Stoudamire",178,77,1973
"185","Bob Sura",196,90,1973
"186","Larry Sykes",206,115,1973
"187","Kurt Thomas",206,104,1972
"188","Gary Trent",203,113,1974
"189","Logan Vander",203,97,1971
"190","Rasheed Wallace",208,102,1974
"191","Jeff Webster",203,105,1971
"192","Dwayne Whitfield",206,108,1972
"193","Eric Williams",203,99,1972
"194","Corliss Williamson",188,86,1970
"195","George Zidek",213,113,1973
"196","Shareef Abdur-Rahim",206,102,1976
"197","Shandon Anderson",198,94,1973
"198","Dexter Boney",193,83,1970
"199","Bruce Bowen",201,83,1971
"200","Marcus Brown",190,83,1974
"201","Kobe Bryant",198,96,1978
"202","Marcus Camby",211,99,1974
"203","Erick Dampier",211,120,1975
"204","Ben Davis",206,108,1972
"205","Tony Delk",185,85,1974
"206","Nate Driggers",196,97,1973
"207","Brian Evans",203,99,1973
"208","Jamie Feick",206,115,1974
"209","Derek Fisher",185,90,1974
"210","Reggie Geary",188,84,1973
"211","Devin Gray",201,108,1972
"212","Darvin Ham",201,99,1973
"213","Steve Hamer",213,111,1973
"214","Othella Harrington",206,106,1974
"215","Michael Hawkins",183,80,1972
"216","Shane Heal",183,81,1970
"217","Mark Hendrickson",206,99,1974
"218","Allen Iverson*",183,74,1975
"219","Kerry Kittles",196,81,1974
"220","Travis Knight",213,106,1974
"221","Priest Lauderdale",224,147,1973
"222","Randy Livingston",193,94,1975
"223","Horacio Llamas",211,129,1973
"224","Matt Maloney",190,87,1971
"225","Stephon Marbury",188,81,1977
"226","Walter McCarty",208,104,1974
"227","Amal McCaskill",211,106,1973
"228","Jeff McInnis",193,86,1974
"229","Martin Muursepp",206,106,1974
"230","Steve Nash",190,88,1974
"231","Ruben Nembhard",190,94,1972
"232","Moochie Norris",185,79,1973
"233","Jermaine O'Neal",211,102,1978
"234","Ray Owes",206,101,1972
"235","Vitaly Potapenko",208,127,1975
"236","Chris Robinson",196,90,1974
"237","Roy Rogers",201,106,1971
"238","Malik Rose",201,113,1974
"239","Kevin Salvadori",213,104,1970
"240","Jason Sasser",201,102,1974
"241","Brent Scott",208,113,1971
"242","James Scott",198,81,1972
"243","Shawnelle Scott",208,113,1972
"244","Matt Steigenga",201,102,1970
"245","Joe Stephens",201,95,1973
"246","Erick Strickland",190,95,1973
"247","Samaki Walker",206,108,1976
"248","Ben Wallace",206,108,1974
"249","John Wallace",203,102,1974
"250","Jerome Williams",206,93,1973
"251","Tariq Abdul-Wahad",198,101,1974
"252","Derek Anderson",196,87,1974
"253","Chris Anstey",213,112,1975
"254","Drew Barry",196,86,1973
"255","Tony Battie",211,104,1976
"256","Chauncey Billups",190,91,1976
"257","Etdrick Bohannon",206,99,1973
"258","Keith Booth",198,102,1974
"259","Rick Brunson",193,86,1972
"260","Kelvin Cato",211,115,1974
"261","Keith Closs",221,96,1976
"262","James Collins",193,88,1973
"263","Chris Crawford",206,106,1975
"264","Austin Croshere",206,106,1975
"265","William Cunningham",211,113,1974
"266","Antonio Daniels",193,88,1975
"267","Tim Duncan",211,113,1976
"268","Tony Farmer",206,110,1970
"269","Danny Fortson",201,117,1976
"270","Adonal Foyle",208,113,1975
"271","Lawrence Funderburke",206,104,1970
"272","Chris Garner",178,70,1975
"273","Kiwane Garris",188,83,1974
"274","Ed Gray",190,95,1975
"275","Derek Grimm",206,104,1974
"276","Jerald Honeycutt",206,111,1974
"277","Troy Hudson",185,77,1976
"278","Zydrunas Ilgauskas",221,107,1975
"279","Bobby Jackson",185,83,1973
"280","Dontae' Jones",203,99,1975
"281","Brevin Knight",178,78,1975
"282","Rusty LaRue",188,95,1973
"283","Jason Lawson",211,108,1974
"284","Tracy McGrady",203,95,1979
"285","Ron Mercer",201,95,1976
"286","Marko Milic",198,106,1977
"287","Jeff Nordgaard",201,102,1973
"288","Charles O'Bannon",196,94,1975
"289","Kevin Ollie",193,88,1972
"290","Anthony Parker",198,97,1975
"291","Scot Pollard",211,120,1975
"292","Mark Pope",208,106,1972
"293","Rodrick Rhodes",198,102,1973
"294","Shea Seals",196,95,1975
"295","God Shammgod",183,76,1976
"296","Kebu Stewart",203,108,1973
"297","Michael Stewart",208,104,1975
"298","Ed Stokes",213,119,1971
"299","Johnny Taylor",206,99,1974
"300","Maurice Taylor",206,117,1976
"301","Tim Thomas",208,104,1977
"302","Keith Van",208,104,1977
"303","Jacque Vaughn",185,86,1975
"304","Eric Washington",193,86,1974
"305","Bubba Wells",196,104,1974
"306","DeJuan Wheat",183,74,1973
"307","Brandon Williams",198,97,1975
"308","Peter Aluma",208,117,1973
"309","Toby Bailey",198,96,1975
"310","Corey Benjamin",198,90,1978
"311","Mike Bibby",185,86,1978
"312","Earl Boykins",165,61,1976
"313","Cory Carr",190,95,1975
"314","Vince Carter",198,99,1977
"315","Keon Clark",211,99,1975
"316","Kornel David",206,106,1971
"317","Ricky Davis",198,88,1979
"318","Michael Dickerson",196,86,1975
"319","Michael Doleac",211,118,1977
"320","Bryce Drew",188,83,1974
"321","Marlon Garnett",188,84,1975
"322","Pat Garrity",206,107,1976
"323","Paul Grant",213,111,1974
"324","Matt Harpring",201,104,1976
"325","Al Harrington",206,104,1980
"326","J.R. Henderson",206,104,1980
"327","Larry Hughes",196,83,1979
"328","Sam Jacobson",193,97,1975
"329","Jerome James",213,136,1975
"330","Antawn Jamison",203,101,1976
"331","Damon Jones",190,83,1976
"332","Jonathan Kerner",211,111,1974
"333","Raef LaFrentz",211,108,1976
"334","Felipe Lopez",196,90,1974
"335","Tyronn Lue",183,79,1977
"336","Sean Marks",208,113,1975
"337","Kelly McCarty",201,90,1975
"338","Jelani McCoy",208,111,1977
"339","Roshown McLeod",203,100,1975
"340","Brad Miller",211,110,1976
"341","Cuttino Mobley",193,86,1975
"342","Nazr Mohammed",208,100,1977
"343","Mikki Moore",211,102,1975
"344","Makhtar N'Diaye",203,111,1973
"345","Tyrone Nesby",198,102,1976
"346","Rasho Nesterovic",213,112,1976
"347","Dirk Nowitzki",213,111,1978
"348","Michael Olowokandi",213,122,1975
"349","Andrae Patterson",206,107,1975
"350","Ruben Patterson",196,101,1975
"351","Paul Pierce",201,106,1977
"352","Casey Shaw",211,117,1975
"353","Jeffrey Sheppard",190,86,1974
"354","Miles Simon",190,91,1975
"355","Alvin Sims",193,106,1974
"356","Brian Skinner",206,115,1976
"357","Ryan Stack",211,97,1975
"358","Vladimir Stepania",213,107,1976
"359","Peja Stojakovic",206,99,1977
"360","Bruno Sundov",218,99,1980
"361","Robert Traylor",203,128,1977
"362","Bonzi Wells",196,95,1976
"363","Tyson Wheeler",178,74,1975
"364","Jahidi White",206,131,1976
"365","Shammond Williams",185,91,1975
"366","Trevor Winter",213,124,1974
"367","Korleone Young",201,96,1978
"368","Rafer Alston",188,77,1976
"369","Chucky Atkins",180,72,1974
"370","William Avery",188,89,1979
"371","Jonathan Bender",211,91,1981
"372","Calvin Booth",211,104,1976
"373","Lazaro Borrell",203,99,1972
"374","Cal Bowdler",208,111,1977
"375","Ryan Bowen",201,97,1975
"376","Ira Bowman",196,88,1973
"377","A.J. Bramlett",196,88,1973
"378","Elton Brand",203,124,1979
"379","Greg Buckner",193,95,1976
"380","Rodney Buford",196,85,1977
"381","Anthony Carter",185,86,1975
"382","John Celestand",193,80,1977
"383","Vonteego Cummings",190,83,1976
"384","Baron Davis",190,94,1979
"385","Derrick Dial",193,83,1975
"386","Obinna Ekezie",206,122,1975
"387","Evan Eschmeyer",211,115,1975
"388","Jeff Foster",211,107,1977
"389","Steve Francis",190,88,1977
"390","Devean George",203,99,1977
"391","Dion Glover",196,103,1978
"392","Adrian Griffin",196,98,1974
"393","Richard Hamilton",198,83,1978
"394","Chris Herren",188,89,1975
"395","Derek Hood",203,100,1976
"396","Jermaine Jackson",193,92,1976
"397","Tim James",201,96,1976
"398","Harold Jamison",203,117,1976
"399","Jumaine Jones",203,98,1979
"400","Lari Ketner",206,125,1977
"401","Trajan Langdon",190,89,1976
"402","Quincy Lewis",201,97,1977
"403","Todd MacCulloch",213,127,1976
"404","Corey Maggette",198,98,1979
"405","Shawn Marion",201,99,1978
"406","Andre Miller",206,102,1971
"407","Jason Miskiri",188,79,1975
"408","Lamar Odom",208,99,1979
"409","Scott Padgett",206,108,1976
"410","Milt Palacio",190,88,1978
"411","James Posey",203,97,1977
"412","Laron Profit",196,92,1977
"413","Aleksandar Radojevic",221,113,1976
"414","Ryan Robertson",196,86,1976
"415","Eddie Robinson",203,95,1976
"416","Michael Ruffin",206,111,1977
"417","Jason Terry",188,83,1977
"418","Jamel Thomas",198,97,1973
"419","Kenny Thomas",201,118,1977
"420","Mirsad Turkcan",206,107,1976
"421","Wayne Turner",188,86,1976
"422","Dedric Willoughby",190,81,1974
"423","Metta World",190,81,1974
"424","Tim Young",213,99,1976
"425","Courtney Alexander",185,83,1973
"426","Dalibor Bagaric",216,115,1980
"427","Erick Barkley",185,80,1978
"428","Raja Bell",196,92,1976
"429","Mark Blount",213,104,1975
"430","Brian Cardinal",203,111,1977
"431","Mateen Cleaves",188,92,1977
"432","Jason Collier",193,88,1973
"433","Sean Colson",183,79,1975
"434","Jamal Crawford",196,90,1980
"435","Keyon Dooling",190,88,1980
"436","Khalid El-Amin",178,90,1979
"437","Marcus Fizer",206,118,1978
"438","Ruben Garces",206,111,1973
"439","Eddie Gill",183,86,1978
"440","Steve Goodrich",208,99,1976
"441","A.J. Guyton",208,99,1976
"442","Zendon Hamilton",211,113,1975
"443","Jason Hart",190,83,1978
"444","Donnell Harvey",203,99,1980
"445","Eddie House",185,81,1978
"446","Stephen Jackson",190,83,1970
"447","Garth Joseph",218,142,1973
"448","Dan Langhi",211,99,1977
"449","Art Long",206,113,1972
"450","Mark Madsen",206,108,1976
"451","Jamaal Magloire",211,117,1978
"452","Kenyon Martin",206,106,1977
"453","Desmond Mason",201,101,1977
"454","Dan McClintock",213,122,1977
"455","Paul McPherson",193,95,1978
"456","Stanislav Medvedenko",208,113,1979
"457","Chris Mihm",213,120,1979
"458","Darius Miles",206,95,1981
"459","Mike Miller",203,98,1980
"460","Jerome Moiso",208,106,1978
"461","Hanno Mottola",211,112,1976
"462","Mamadou N'Diaye",203,111,1973
"463","Lee Nailon",206,107,1975
"464","Eduardo Najera",203,108,1976
"465","Ira Newble",201,99,1975
"466","Olumide Oyedeji",208,108,1981
"467","Andy Panko",206,100,1977
"468","Mike Penberthy",190,83,1974
"469","Morris Peterson",201,98,1977
"470","Chris Porter",201,98,1978
"471","Lavor Postell",196,97,1978
"472","Joel Przybilla",216,115,1979
"473","Michael Redd",198,99,1979
"474","Quentin Richardson",198,101,1980
"475","Terrance Roberson",201,97,1976
"476","Soumaila Samake",213,104,1978
"477","Pepe Sanchez",193,88,1977
"478","Daniel Santiago",216,116,1976
"479","Jabari Smith",211,113,1977
"480","DeShawn Stevenson",196,95,1981
"481","Stromile Swift",206,102,1979
"482","Dragan Tarlac",208,117,1973
"483","Jake Tsakalidis",218,129,1979
"484","Hedo Turkoglu",208,99,1979
"485","David Vanterpool",196,90,1973
"486","Jake Voskuhl",211,111,1977
"487","Ruben Wolkowyski",208,122,1973
"488","Wang Zhizhi",213,115,1977
"489","Malik Allen",208,115,1978
"490","Chris Andersen",208,111,1978
"491","Gilbert Arenas",190,86,1982
"492","Brandon Armstrong",196,85,1980
"493","Carlos Arroyo",188,91,1979
"494","Mengke Bateer",211,131,1975
"495","Shane Battier",203,99,1978
"496","Charlie Bell",190,90,1979
"497","Ruben Boumtje-Boumtje",213,116,1978
"498","Michael Bradley",208,111,1979
"499","Jamison Brewer",193,83,1980
"500","Primoz Brezec",218,114,1979
"501","Ernest Brown",213,110,1979
"502","Kedrick Brown",201,100,1981
"503","Kwame Brown",211,122,1982
"504","Tierre Brown",188,85,1979
"505","Tyson Chandler",216,108,1982
"506","Speedy Claxton",180,75,1978
"507","Jarron Collins",193,88,1973
"508","Jason Collins",193,88,1973
"509","Joe Crispin",183,83,1979
"510","Eddy Curry",213,133,1982
"511","Samuel Dalembert",211,115,1981
"512","DeSagana Diop",213,136,1982
"513","Predrag Drobnjak",211,122,1975
"514","Maurice Evans",196,99,1978
"515","Isaac Fontaine",193,95,1975
"516","Alton Ford",185,86,1971
"517","Joseph Forte",193,87,1981
"518","Antonis Fotsis",208,99,1981
"519","Tremaine Fowlkes",203,99,1976
"520","Pau Gasol",213,113,1980
"521","Eddie Griffin",208,99,1982
"522","Tang Hamilton",203,99,1978
"523","Trenton Hassell",196,90,1979
"524","Kirk Haston",206,109,1979
"525","Brendan Haywood",213,121,1979
"526","Steven Hunter",213,99,1981
"527","Mike James",188,85,1975
"528","Richard Jefferson",201,105,1980
"529","Alvin Jones",211,120,1978
"530","Andrei Kirilenko",206,99,1981
"531","Terence Morris",206,100,1979
"532","Troy Murphy",211,111,1980
"533","Dean Oliver",180,81,1978
"534","Tony Parker",188,83,1982
"535","Vladimir Radmanovic",208,102,1980
"536","Zach Randolph",206,117,1981
"537","Zeljko Rebraca",213,116,1972
"538","Jason Richardson",198,99,1981
"539","Norm Richardson",196,86,1979
"540","Jeryl Sasser",198,90,1979
"541","Kenny Satterfield",188,84,1981
"542","Brian Scalabrine",206,109,1978
"543","Ansu Sesay",206,102,1976
"544","Bobby Simmons",201,95,1980
"545","Leon Smith",208,106,1980
"546","Will Solomon",185,83,1978
"547","Etan Thomas",206,116,1978
"548","Jamaal Tinsley",190,88,1978
"549","Oscar Torres",198,95,1976
"550","Jeff Trepagnier",193,90,1979
"551","Ratko Varda",216,117,1979
"552","Gerald Wallace",201,97,1982
"553","Earl Watson",185,88,1979
"554","Loren Woods",216,111,1978
"555","Robert Archibald",211,113,1980
"556","Maceo Baston",206,97,1975
"557","Mike Batiste",203,102,1977
"558","Lonny Baxter",203,117,1979
"559","Carlos Boozer",206,117,1981
"560","J.R. Bremer",206,117,1981
"561","Pat Burke",211,113,1973
"562","Caron Butler",201,103,1980
"563","Rasual Butler",201,97,1979
"564","Dan Dickau",183,86,1978
"565","Juan Dixon",190,74,1978
"566","Melvin Ely",208,117,1978
"567","Reggie Evans",203,111,1980
"568","Dan Gadzuric",211,108,1978
"569","Manu Ginobili",198,92,1977
"570","Gordan Giricek",198,95,1977
"571","Drew Gooden",208,113,1981
"572","Marcus Haislip",208,104,1980
"573","Adam Harrington",196,90,1980
"574","Junior Harrington",193,81,1980
"575","Juaquin Hawkins",201,99,1973
"576","Nene Hilario",211,113,1982
"577","Nate Huffman",216,111,1975
"578","Ryan Humphrey",203,106,1979
"579","Casey Jacobsen",198,97,1981
"580","Marko Jaric",201,89,1978
"581","Chris Jefferies",203,102,1980
"582","Jared Jeffries",211,104,1981
"583","Fred Jones",193,95,1979
"584","Sean Lampley",201,102,1979
"585","Tito Maddox",193,86,1981
"586","Roger Mason",196,90,1980
"587","Yao Ming*",229,140,1980
"588","Ronald Murray",193,86,1979
"589","Bostjan Nachbar",206,100,1980
"590","Mehmet Okur",211,112,1979
"591","Chris Owens",201,111,1979
"592","Jannero Pargo",185,79,1979
"593","Smush Parker",193,86,1981
"594","Tayshaun Prince",206,96,1980
"595","Igor Rakocevic",190,83,1978
"596","Efthimi Rentzias",211,113,1976
"597","Antoine Rigaudeau",201,95,1971
"598","Guy Rucker",211,120,1977
"599","Kareem Rush",198,97,1980
"600","John Salmons",201,95,1979
"601","Jamal Sampson",211,106,1983
"602","Predrag Savovic",198,102,1976
"603","Paul Shirley",208,104,1977
"604","Tamar Slay",203,97,1980
"605","Amar'e Stoudemire",208,111,1982
"606","Cezary Trybanski",218,108,1979
"607","Nikoloz Tskitishvili",213,102,1983
"608","Jiri Welsch",201,94,1980
"609","Chris Wilcox",208,100,1982
"610","Mike Wilks",178,83,1979
"611","Qyntel Woods",203,100,1981
"612","Vincent Yarbrough",201,95,1981
"613","Carmelo Anthony",203,108,1984
"614","Marcus Banks",188,90,1981
"615","Leandro Barbosa",190,87,1982
"616","Jerome Beasley",208,107,1980
"617","Troy Bell",185,81,1980
"618","Steve Blake",190,78,1980
"619","Keith Bogans",196,97,1980
"620","Curtis Borchardt",213,108,1980
"621","Chris Bosh",211,106,1984
"622","Torraye Braggs",203,111,1976
"623","Zarko Cabarkapa",211,106,1981
"624","Matt Carroll",198,96,1980
"625","Maurice Carter",196,95,1976
"626","Brian Cook",206,106,1980
"627","Omar Cook",185,86,1982
"628","Marquis Daniels",198,90,1981
"629","Boris Diaw",203,113,1982
"630","Kaniel Dickens",203,97,1978
"631","Ronald Dupree",201,94,1981
"632","Ndudi Ebi",206,90,1984
"633","Francisco Elson",213,106,1976
"634","Desmond Ferguson",201,92,1977
"635","T.J. Ford",201,92,1977
"636","Richie Frahm",196,95,1977
"637","Hiram Fuller",206,108,1981
"638","Reece Gaines",198,92,1981
"639","Alex Garcia",190,99,1980
"640","Willie Green",193,90,1981
"641","Ben Handlogten",208,108,1973
"642","Travis Hansen",198,92,1978
"643","Udonis Haslem",203,106,1980
"644","Jarvis Hayes",201,99,1981
"645","Kirk Hinrich",193,86,1981
"646","Josh Howard",201,95,1980
"647","Brandon Hunter",201,117,1980
"648","LeBron James",203,113,1984
"649","Britton Johnsen",208,95,1979
"650","Linton Johnson",203,92,1980
"651","Dahntay Jones",190,83,1976
"652","Chris Kaman",213,120,1982
"653","Jason Kapono",203,96,1981
"654","Kyle Korver",201,96,1981
"655","Maciej Lampe",211,124,1985
"656","Raul Lopez",185,77,1980
"657","Keith McLeod",188,85,1979
"658","Darko Milicic",213,113,1985
"659","Travis Outlaw",206,95,1984
"660","Zaza Pachulia",211,122,1984
"661","Sasha Pavlovic",211,122,1984
"662","Desmond Penigar",201,111,1981
"663","Kirk Penney",196,99,1980
"664","Kendrick Perkins",208,122,1984
"665","Mickael Pietrus",198,97,1982
"666","Zoran Planinic",201,88,1982
"667","Luke Ridnour",188,79,1981
"668","Theron Smith",203,102,1980
"669","Darius Songaila",206,112,1978
"670","Mike Sweetney",203,124,1982
"671","Ime Udoka",198,97,1977
"672","Slavko Vranes",226,124,1983
"673","Dwyane Wade",193,99,1982
"674","Luke Walton",203,106,1980
"675","David West",206,113,1980
"676","Mo Williams",203,102,1971
"677","Tony Allen",193,96,1982
"678","Rafael Araujo",211,127,1980
"679","Trevor Ariza",203,97,1985
"680","Maurice Baker",185,79,1979
"681","Andre Barrett",178,78,1982
"682","Andris Biedrins",211,108,1986
"683","Tony Bobbitt",193,86,1979
"684","Matt Bonner",208,106,1980
"685","Antonio Burks",185,90,1980
"686","Jackie Butler",208,113,1985
"687","Geno Carlisle",190,81,1976
"688","Lionel Chalmers",183,81,1980
"689","Josh Childress",203,95,1983
"690","Nick Collison",208,115,1980
"691","Erik Daniels",203,97,1982
"692","Carlos Delfino",198,104,1982
"693","Luol Deng",206,99,1985
"694","Chris Duhon",185,83,1982
"695","Corsley Edwards",206,124,1979
"696","John Edwards",213,124,1981
"697","Andre Emmett",196,104,1982
"698","Luis Flores",188,90,1981
"699","Matt Freije",208,108,1981
"700","Ben Gordon",190,90,1983
"701","Devin Harris",190,87,1983
"702","David Harrison",213,127,1982
"703","Dwight Howard",211,120,1985
"704","Kris Humphries",206,106,1985
"705","Andre Iguodala",198,97,1984
"706","Didier Ilunga-Mbenga",198,97,1984
"707","Royal Ivey",190,90,1981
"708","Al Jefferson",208,131,1985
"709","Horace Jenkins",185,81,1974
"710","Mario Kasun",216,117,1980
"711","Viktor Khryapa",206,95,1982
"712","Brandin Knight",178,78,1975
"713","Nenad Krstic",213,108,1983
"714","Ibo Kutluay",198,90,1974
"715","Shaun Livingston",201,87,1985
"716","Kevin Martin",206,106,1977
"717","Jameer Nelson",183,86,1982
"718","Andres Nocioni",201,102,1979
"719","Emeka Okafor",208,114,1982
"720","Pavel Podkolzin",226,117,1985
"721","Peter John",226,117,1985
"722","Justin Reed",203,108,1982
"723","Jared Reiner",211,115,1982
"724","Bernard Robinson",198,95,1980
"725","Quinton Ross",198,88,1981
"726","Ha Seung-Jin",221,138,1985
"727","Kirk Snyder",198,102,1983
"728","Pape Sow",208,113,1981
"729","Awvee Storey",198,100,1977
"730","Robert Swift",213,111,1985
"731","Yuta Tabuse",175,74,1980
"732","Sebastian Telfair",183,74,1985
"733","Billy Thomas",193,94,1975
"734","James Thomas",198,97,1973
"735","Beno Udrih",190,92,1982
"736","Anderson Varejao",208,123,1982
"737","Jackson Vroman",208,99,1981
"738","Sasha Vujacic",201,88,1984
"739","Delonte West",193,81,1983
"740","Dorell Wright",206,92,1985
"741","Alex Acker",196,83,1983
"742","Alan Anderson",198,99,1982
"743","Martynas Andriuskevicius",218,108,1986
"744","Earl Barron",213,113,1981
"745","Eddie Basden",196,97,1983
"746","Brandon Bass",203,113,1985
"747","Esteban Batista",208,122,1983
"748","Andray Blatche",211,106,1986
"749","Andrew Bogut",213,117,1984
"750","Kevin Burleson",190,92,1979
"751","Andrew Bynum",213,129,1987
"752","Will Bynum",183,83,1983
"753","Jose Calderon",190,90,1981
"754","Travis Diener",185,79,1982
"755","Ike Diogu",203,113,1983
"756","Monta Ellis",190,83,1985
"757","Daniel Ewing",190,83,1983
"758","Noel Felix",206,102,1981
"759","Raymond Felton",185,92,1984
"760","Gerald Fitch",190,85,1982
"761","Sharrod Ford",201,95,1972
"762","Channing Frye",211,115,1983
"763","Deng Gai",206,113,1982
"764","Francisco Garcia",201,88,1981
"765","Ryan Gomes",201,113,1982
"766","Joey Graham",201,102,1982
"767","Stephen Graham",198,97,1982
"768","Danny Granger",206,100,1983
"769","Devin Green",201,95,1982
"770","Gerald Green",201,92,1986
"771","Orien Greene",193,94,1982
"772","Anthony Grundy",190,81,1979
"773","Chuck Hayes",198,108,1983
"774","Luther Head",190,83,1982
"775","Julius Hodge",201,95,1983
"776","Randy Holcomb",206,102,1979
"777","Jarrett Jack",190,90,1983
"778","Sarunas Jasikevicius",193,88,1976
"779","Amir Johnson",206,108,1987
"780","Linas Kleiza",203,111,1985
"781","Yaroslav Korolev",206,92,1987
"782","Arvydas Macijauskas",193,97,1980
"783","Rawle Marshall",206,86,1982
"784","Jason Maxiell",201,117,1983
"785","Sean May",206,120,1984
"786","Rashad McCants",193,93,1984
"787","Aaron Miles",185,79,1983
"788","C.J. Miles",185,79,1983
"789","Sergei Monia",203,99,1983
"790","Boniface N'Dong",213,89,1977
"791","Fabricio Oberto",208,111,1975
"792","Andre Owens",193,90,1980
"793","Chris Paul",183,79,1985
"794","Johan Petro",213,112,1986
"795","Josh Powell",206,102,1983
"796","Ronnie Price",188,86,1983
"797","Shavlik Randolph",208,108,1983
"798","Lawrence Roberts",206,108,1982
"799","Nate Robinson",175,81,1984
"800","Melvin Sanders",196,95,1981
"801","Alex Scales",193,83,1978
"802","Luke Schenscher",216,115,1982
"803","Wayne Simien",206,115,1983
"804","James Singleton",203,97,1981
"805","Salim Stoudamire",185,81,1982
"806","Chris Taft",208,117,1985
"807","Donell Taylor",198,81,1982
"808","Dijon Thompson",201,88,1983
"809","Ronny Turiaf",208,112,1983
"810","Charlie Villanueva",211,105,1984
"811","Von Wafer",196,95,1985
"812","Matt Walsh",198,92,1982
"813","Hakim Warrick",206,99,1982
"814","Robert Whaley",208,117,1982
"815","Deron Williams",190,90,1984
"816","Marvin Williams",185,89,1982
"817","Antoine Wright",201,95,1984
"818","Derrick Zimmerman",190,88,1981
"819","Hassan Adams",193,99,1984
"820","Maurice Ager",196,91,1984
"821","LaMarcus Aldridge",211,117,1985
"822","Lou Amundson",206,99,1982
"823","Hilton Armstrong",211,106,1984
"824","James Augustine",208,106,1984
"825","Kelenna Azubuike",196,99,1983
"826","Renaldo Balkman",203,94,1984
"827","J.J. Barea",203,94,1984
"828","Andrea Bargnani",213,111,1985
"829","Will Blalock",183,92,1983
"830","Josh Boone",208,107,1984
"831","Cedric Bozeman",198,93,1983
"832","Andre Brown",206,111,1981
"833","Shannon Brown",193,92,1985
"834","Rodney Carney",201,92,1984
"835","Mardy Collins",198,99,1984
"836","Will Conroy",188,88,1982
"837","Paul Davis",211,122,1984
"838","Yakhouba Diawara",201,102,1982
"839","Quincy Douby",190,79,1984
"840","Jordan Farmar",188,81,1986
"841","Desmon Farmer",196,99,1981
"842","Randy Foye",193,96,1983
"843","Jorge Garbajosa",206,111,1977
"844","Rudy Gay",203,104,1986
"845","Mickael Gelabale",201,97,1983
"846","Daniel Gibson",188,86,1986
"847","Andreas Glyniadakis",216,127,1981
"848","Lynn Greer",188,79,1979
"849","Mike Hall",203,104,1984
"850","Walter Herrmann",206,102,1979
"851","Robert Hite",188,83,1984
"852","Ryan Hollins",213,108,1984
"853","Mile Ilic",216,104,1984
"854","Ersan Ilyasova",208,106,1987
"855","Alexander Johnson",206,108,1983
"856","Solomon Jones",208,104,1984
"857","Tarence Kinsey",198,83,1984
"858","James Lang",208,129,1983
"859","Kyle Lowry",183,92,1986
"860","Renaldo Major",201,90,1982
"861","Damir Markota",208,102,1985
"862","Chris McCray",196,87,1984
"863","Ivan McFarlin",203,108,1982
"864","Pops Mensah-Bonsu",206,108,1983
"865","Paul Millsap",203,111,1985
"866","Randolph Morris",208,120,1986
"867","Adam Morrison",203,92,1984
"868","David Noel",198,104,1984
"869","Steve Novak",208,102,1983
"870","Patrick O'Bryant",213,117,1986
"871","Kevinn Pinkney",208,111,1983
"872","Leon Powe",203,108,1984
"873","Roger Powell",198,106,1983
"874","Chris Quinn",188,83,1983
"875","Allan Ray",188,86,1984
"876","J.J. Redick",188,86,1984
"877","Jeremy Richardson",198,83,1984
"878","Sergio Rodriguez",190,79,1986
"879","Rajon Rondo",185,84,1986
"880","Brandon Roy",198,97,1984
"881","Thabo Sefolosha",201,99,1984
"882","Mouhamed Sene",201,99,1984
"883","Cedric Simmons",206,106,1986
"884","Uros Slokar",208,107,1983
"885","Craig Smith",201,113,1983
"886","Vassilis Spanoulis",193,88,1982
"887","Tyrus Thomas",206,97,1986
"888","P.J. Tucker",206,97,1986
"889","Marcus Vinicius",206,97,1986
"890","James White",206,131,1976
"891","Justin Williams",208,102,1984
"892","Marcus Williams",185,89,1982
"893","Shawne Williams",185,91,1975
"894","Shelden Williams",185,91,1975
"895","Arron Afflalo",196,95,1985
"896","Blake Ahearn",188,86,1984
"897","Lance Allred",211,113,1981
"898","Morris Almond",198,102,1985
"899","Joel Anthony",206,111,1982
"900","Marco Belinelli",196,95,1986
"901","Corey Brewer",206,84,1986
"902","Aaron Brooks",183,73,1985
"903","Wilson Chandler",203,102,1987
"904","Mike Conley",185,79,1987
"905","Javaris Crittenton",196,90,1987
"906","Jermareo Davidson",208,104,1984
"907","Glen Davis",206,131,1986
"908","Guillermo Diaz",188,87,1985
"909","Jared Dudley",201,102,1985
"910","Kevin Durant",206,108,1988
"911","Nick Fazekas",211,106,1985
"912","Kyrylo Fesenko",216,130,1986
"913","Thomas Gardner",196,102,1985
"914","Marcin Gortat",211,108,1984
"915","Aaron Gray",213,122,1984
"916","Taurean Green",183,80,1986
"917","Mike Harris",198,108,1983
"918","Spencer Hawes",216,111,1988
"919","Al Horford",208,111,1986
"920","Yi Jianlian",213,108,1987
"921","Coby Karl",196,97,1983
"922","Carl Landry",206,112,1983
"923","Keith Langford",193,97,1983
"924","Stephane Lasme",203,97,1982
"925","Acie Law",190,88,1985
"926","Ian Mahinmi",211,113,1986
"927","Dominic McGuire",206,99,1985
"928","Josh McRoberts",208,108,1987
"929","Jamario Moon",203,92,1980
"930","Juan Carlos",203,92,1980
"931","Demetris Nichols",203,97,1984
"932","Joakim Noah",211,104,1985
"933","Oleksiy Pecherov",213,105,1985
"934","Kosta Perovic",218,108,1985
"935","Kasib Powell",201,97,1981
"936","Gabe Pruitt",193,77,1986
"937","Chris Richard",206,122,1984
"938","Cheikh Samb",216,111,1984
"939","Luis Scola",206,108,1980
"940","Ramon Sessions",190,86,1986
"941","Courtney Sims",208,111,1983
"942","Jason Smith",211,113,1977
"943","D.J. Strawberry",211,113,1977
"944","Rodney Stuckey",196,95,1986
"945","Al Thornton",203,99,1983
"946","Darius Washington",188,88,1985
"947","Darryl Watkins",211,117,1984
"948","C.J. Watson",211,117,1984
"949","Sean Williams",208,106,1986
"950","Julian Wright",203,102,1987
"951","Nick Young",201,95,1985
"952","Thaddeus Young",203,100,1988
"953","Alexis Ajinca",218,112,1988
"954","Joe Alexander",203,104,1986
"955","Ryan Anderson",208,108,1988
"956","Darrell Arthur",206,106,1988
"957","D.J. Augustin",206,106,1988
"958","Nicolas Batum",203,90,1988
"959","Jerryd Bayless",190,90,1988
"960","Michael Beasley",206,106,1989
"961","Mario Chalmers",188,86,1986
"962","Joe Crawford",196,95,1986
"963","Joey Dorsey",203,121,1983
"964","Chris Douglas-Roberts",201,90,1987
"965","Goran Dragic",190,86,1986
"966","Rudy Fernandez",198,83,1985
"967","Danilo Gallinari",208,102,1988
"968","Marc Gasol",216,115,1985
"969","J.R. Giddens",216,115,1985
"970","Eric Gordon",193,97,1988
"971","Donte Greene",211,102,1988
"972","Hamed Haddadi",218,115,1985
"973","Malik Hairston",198,99,1987
"974","Roy Hibbert",218,122,1986
"975","J.J. Hickson",218,122,1986
"976","George Hill",190,85,1986
"977","Steven Hill",213,112,1985
"978","Othello Hunter",203,102,1986
"979","Darnell Jackson",206,114,1985
"980","Nathan Jawai",208,127,1986
"981","Dontell Jefferson",196,88,1983
"982","Trey Johnson",196,98,1984
"983","DeAndre Jordan",211,120,1988
"984","Kosta Koufos",213,120,1989
"985","Rob Kurz",206,105,1985
"986","Courtney Lee",196,90,1985
"987","Brook Lopez",213,124,1988
"988","Robin Lopez",213,115,1988
"989","Kevin Love",208,113,1988
"990","Cartier Martin",201,99,1984
"991","O.J. Mayo",201,99,1984
"992","Luc Mbah",201,99,1984
"993","JaVale McGee",213,122,1988
"994","Anthony Morrow",196,95,1985
"995","DeMarcus Nelson",193,90,1985
"996","Greg Oden",213,113,1988
"997","Anthony Randolph",208,92,1989
"998","Derrick Rose",190,86,1988
"999","Brandon Rush",198,99,1985
"1000","Walter Sharpe",206,111,1986
"1001","Sean Singletary",183,83,1985
"1002","Marreese Speights",208,115,1987
"1003","Mike Taylor",188,74,1986
"1004","Anthony Tolliver",203,108,1985
"1005","Roko Ukic",196,83,1984
"1006","Henry Walker",196,83,1984
"1007","Kyle Weaver",198,91,1986
"1008","Sonny Weems",198,92,1986
"1009","Russell Westbrook",190,90,1988
"1010","D.J. White",190,90,1988
"1011","Sun Yue",206,92,1985
"1012","Rodrigue Beaubois",183,77,1988
"1013","DeJuan Blair",201,122,1989
"1014","Jon Brockman",201,115,1987
"1015","Chase Budinger",201,94,1988
"1016","DeMarre Carroll",203,97,1986
"1017","Omri Casspi",206,102,1988
"1018","Earl Clark",208,102,1988
"1019","Darren Collison",183,79,1987
"1020","Dante Cunningham",203,104,1987
"1021","JamesOn Curry",190,86,1986
"1022","Stephen Curry",190,86,1988
"1023","Austin Daye",211,99,1988
"1024","DeMar DeRozan",201,100,1989
"1025","Toney Douglas",188,88,1986
"1026","Wayne Ellington",193,90,1987
"1027","Tyreke Evans",198,99,1989
"1028","Jonny Flynn",183,83,1989
"1029","Sundiata Gaines",185,83,1986
"1030","Alonzo Gee",198,102,1987
"1031","Taj Gibson",206,102,1985
"1032","Trey Gilder",206,83,1985
"1033","Taylor Griffin",201,107,1986
"1034","Tyler Hansbrough",206,113,1985
"1035","James Harden",196,99,1989
"1036","Jordan Hill",208,106,1987
"1037","Jrue Holiday",193,92,1990
"1038","Lester Hudson",190,86,1984
"1039","Chris Hunter",211,108,1984
"1040","Serge Ibaka",208,106,1989
"1041","Cedric Jackson",190,86,1986
"1042","Othyus Jeffers",196,90,1985
"1043","Brandon Jennings",185,77,1989
"1044","Jonas Jerebko",208,104,1987
"1045","James Johnson",206,113,1987
"1046","Oliver Lafayette",188,86,1984
"1047","Marcus Landry",201,104,1985
"1048","Ty Lawson",180,88,1987
"1049","Eric Maynor",190,79,1987
"1050","Jodie Meeks",193,95,1987
"1051","Patty Mills",203,111,1985
"1052","Byron Mullens",213,124,1989
"1053","A.J. Price",213,124,1989
"1054","DaJuan Summers",203,104,1988
"1055","Jeff Teague",188,84,1988
"1056","Garrett Temple",198,88,1986
"1057","Hasheem Thabeet",221,119,1987
"1058","Marcus Thornton",193,92,1987
"1059","Terrence Williams",198,99,1987
"1060","Sam Young",198,99,1985
"1061","Jeff Adrien",201,111,1986
"1062","Solomon Alabi",216,113,1988
"1063","Cole Aldrich",211,113,1988
"1064","Al-Farouq Aminu",206,99,1990
"1065","James Anderson",198,96,1989
"1066","Omer Asik",213,115,1986
"1067","Luke Babbitt",206,102,1989
"1068","Eric Bledsoe",185,86,1989
"1069","Trevor Booker",203,103,1987
"1070","Craig Brackins",208,104,1987
"1071","Avery Bradley",188,81,1990
"1072","Derrick Caracter",206,124,1988
"1073","Sherron Collins",180,92,1987
"1074","Marcus Cousin",211,111,1986
"1075","DeMarcus Cousins",211,122,1990
"1076","Jordan Crawford",196,95,1986
"1077","Ed Davis",208,108,1989
"1078","Zabian Dowdell",190,86,1984
"1079","Devin Ebanks",206,97,1989
"1080","Semih Erden",213,108,1986
"1081","Jeremy Evans",206,90,1987
"1082","Christian Eyenga",196,95,1989
"1083","Derrick Favors",208,120,1991
"1084","Landry Fields",201,95,1988
"1085","Gary Forbes",201,99,1985
"1086","Paul George",206,99,1990
"1087","Blake Griffin",208,113,1989
"1088","Luke Harangody",203,111,1988
"1089","Manny Harris",196,83,1989
"1090","Gordon Hayward",203,102,1990
"1091","Lazar Hayward",198,102,1986
"1092","Xavier Henry",198,99,1991
"1093","Damion James",201,102,1987
"1094","Eugene Jeter",180,79,1983
"1095","Wesley Johnson",201,97,1987
"1096","Dominique Jones",203,99,1975
"1097","Gani Lawal",206,106,1988
"1098","Jeremy Lin",190,90,1988
"1099","Greg Monroe",211,120,1990
"1100","Timofey Mozgov",216,124,1986
"1101","Hamady N'Diaye",213,106,1987
"1102","Gary Neal",193,95,1984
"1103","Larry Owens",201,95,1983
"1104","Patrick Patterson",206,104,1989
"1105","Nikola Pekovic",211,139,1986
"1106","Dexter Pittman",211,139,1988
"1107","Quincy Pondexter",201,99,1988
"1108","Andy Rautins",193,86,1986
"1109","Samardo Samuels",206,117,1989
"1110","Larry Sanders",211,106,1988
"1111","Kevin Seraphin",206,129,1989
"1112","Mustafa Shakur",190,86,1984
"1113","Garret Siler",211,138,1986
"1114","Ish Smith",183,79,1988
"1115","Tiago Splitter",211,111,1985
"1116","Lance Stephenson",196,104,1990
"1117","Pape Sy",201,102,1988
"1118","Evan Turner",201,99,1988
"1119","Ekpe Udoh",208,108,1987
"1120","Ben Uzoh",190,92,1988
"1121","Greivis Vasquez",198,98,1987
"1122","John Wall",193,88,1990
"1123","Willie Warren",193,92,1989
"1124","Hassan Whiteside",213,120,1989
"1125","Lavoy Allen",206,117,1989
"1126","Gustavo Ayon",208,113,1985
"1127","Bismack Biyombo",206,115,1992
"1128","MarShon Brooks",196,90,1989
"1129","Alec Burks",198,97,1991
"1130","Jimmy Butler",201,99,1989
"1131","Derrick Byars",201,99,1984
"1132","Norris Cole",188,79,1988
"1133","Eric Dawson",206,113,1984
"1134","Justin Dentmon",180,83,1985
"1135","Jerome Dyson",190,81,1987
"1136","Kenneth Faried",203,103,1989
"1137","Jeff Foote",213,120,1987
"1138","Courtney Fortson",180,83,1988
"1139","Jimmer Fredette",188,88,1989
"1140","Mickell Gladness",211,99,1986
"1141","Andrew Goudelock",190,90,1988
"1142","Justin Harper",208,102,1989
"1143","Josh Harrellson",208,124,1989
"1144","Terrel Harris",196,86,1987
"1145","Cory Higgins",196,81,1989
"1146","Darington Hobson",201,95,1987
"1147","Tyler Honeycutt",203,85,1990
"1148","Dennis Horner",206,104,1988
"1149","Kyrie Irving",190,87,1992
"1150","Reggie Jackson",190,94,1990
"1151","Charles Jenkins",190,99,1989
"1152","Carldell Johnson",178,81,1983
"1153","Ivan Johnson",203,104,1984
"1154","JaJuan Johnson",206,113,1987
"1155","Jerome Jordan",213,114,1986
"1156","Cory Joseph",190,87,1991
"1157","Enes Kanter",211,111,1992
"1158","D.J. Kennedy",211,111,1992
"1159","Brandon Knight",178,78,1975
"1160","Malcolm Lee",196,90,1990
"1161","Kawhi Leonard",201,104,1991
"1162","Travis Leslie",193,92,1990
"1163","Jon Leuer",208,103,1989
"1164","DeAndre Liggins",198,94,1988
"1165","Shelvin Mack",190,92,1990
"1166","Vernon Macklin",208,102,1986
"1167","E'Twaun Moore",208,102,1986
"1168","Darius Morris",193,86,1991
"1169","Daniel Orton",208,115,1990
"1170","Jeremy Pargo",188,99,1986
"1171","Chandler Parsons",208,104,1988
"1172","Ryan Reid",203,105,1986
"1173","Ricky Rubio",193,87,1990
"1174","Josh Selby",188,83,1991
"1175","Iman Shumpert",196,99,1990
"1176","Xavier Silas",196,92,1988
"1177","Chris Singleton",203,104,1989
"1178","Donald Sloan",190,92,1988
"1179","Jerry Smith",188,86,1987
"1180","Nolan Smith",188,83,1988
"1181","Greg Stiemsma",211,117,1985
"1182","Julyan Stone",198,90,1988
"1183","Lance Thomas",203,106,1988
"1184","Malcolm Thomas",206,102,1988
"1185","Trey Thompkins",206,107,1991
"1186","Klay Thompson",201,97,1990
"1187","Tristan Thompson",206,107,1991
"1188","Jeremy Tyler",208,117,1991
"1189","Edwin Ubiles",198,92,1986
"1190","Jan Vesely",211,108,1990
"1191","Nikola Vucevic",213,117,1990
"1192","Derrick Williams",190,90,1984
"1193","Elliot Williams",196,86,1989
"1194","Chris Wright",203,102,1988
"1195","Quincy Acy",201,108,1990
"1196","Josh Akognon",180,83,1986
"1197","Will Barton",198,79,1991
"1198","Aron Baynes",208,117,1986
"1199","Kent Bazemore",196,91,1989
"1200","Bradley Beal",196,93,1993
"1201","Patrick Beverley",185,83,1988
"1202","Victor Claver",206,101,1988
"1203","Chris Copeland",206,108,1984
"1204","Jae Crowder",198,106,1990
"1205","Jared Cunningham",193,88,1991
"1206","Andre Drummond",211,126,1993
"1207","Kim English",198,90,1988
"1208","Festus Ezeli",211,115,1989
"1209","Evan Fournier",201,92,1992
"1210","Joel Freeland",208,113,1987
"1211","Draymond Green",201,104,1990
"1212","Ben Hansbrough",190,92,1987
"1213","Maurice Harkless",206,97,1993
"1214","John Henson",211,103,1990
"1215","Justin Holiday",198,83,1989
"1216","Bernard James",208,108,1985
"1217","John Jenkins",193,97,1991
"1218","Orlando Johnson",196,99,1989
"1219","Darius Johnson-Odom",201,95,1970
"1220","DeQuan Jones",203,100,1990
"1221","Kevin Jones",203,113,1989
"1222","Perry Jones",211,106,1991
"1223","Terrence Jones",206,114,1992
"1224","Kris Joseph",201,95,1988
"1225","Michael Kidd-Gilchrist",201,105,1993
"1226","Viacheslav Kravtsov",213,117,1987
"1227","Doron Lamb",193,95,1991
"1228","Jeremy Lamb",196,83,1992
"1229","Meyers Leonard",216,111,1992
"1230","Damian Lillard",190,88,1990
"1231","Scott Machado",185,92,1990
"1232","Kendall Marshall",193,90,1991
"1233","Fab Melo",213,115,1990
"1234","Khris Middleton",203,106,1991
"1235","Darius Miller",203,106,1990
"1236","Quincy Miller",206,95,1992
"1237","Donatas Motiejunas",213,100,1990
"1238","Arnett Moultrie",211,112,1990
"1239","Kevin Murphy",196,83,1990
"1240","Andrew Nicholson",206,113,1989
"1241","Kyle O'Quinn",208,113,1990
"1242","Tim Ohlbrecht",211,115,1988
"1243","Miles Plumlee",211,112,1988
"1244","Pablo Prigioni",190,83,1977
"1245","Austin Rivers",193,90,1992
"1246","Brian Roberts",185,78,1985
"1247","Thomas Robinson",208,107,1991
"1248","Terrence Ross",201,93,1991
"1249","Robert Sacre",213,122,1989
"1250","Mike Scott",203,107,1988
"1251","Tornike Shengelia",206,98,1991
"1252","Alexey Shved",198,86,1988
"1253","Henry Sims",208,112,1990
"1254","Kyle Singler",203,103,1988
"1255","Jared Sullinger",206,117,1992
"1256","Tyshawn Taylor",190,83,1990
"1257","Marquis Teague",188,85,1993
"1258","Mirza Teletovic",206,109,1985
"1259","Jonas Valanciunas",213,120,1992
"1260","Jarvis Varnado",206,104,1988
"1261","Dion Waiters",193,102,1991
"1262","Maalik Wayns",188,90,1991
"1263","Tony Wroten",198,92,1993
"1264","Luke Zeller",211,111,1987
"1265","Tyler Zeller",213,114,1990
"1266","Steven Adams",213,115,1993
"1267","Giannis Antetokounmpo",211,100,1994
"1268","Pero Antic",211,117,1982
"1269","Chris Babb",196,102,1990
"1270","Anthony Bennett",203,111,1993
"1271","Vander Blue",193,90,1992
"1272","Lorenzo Brown",196,85,1990
"1273","Reggie Bullock",201,92,1991
"1274","Trey Burke",185,86,1992
"1275","Dwight Buycks",190,86,1989
"1276","Nick Calathes",198,96,1989
"1277","Kentavious Caldwell-Pope",196,92,1993
"1278","Isaiah Canaan",183,91,1991
"1279","Michael Carter-Williams",198,86,1991
"1280","Dionte Christmas",196,92,1986
"1281","Ian Clark",190,79,1991
"1282","Robert Covington",206,97,1990
"1283","Allen Crabbe",198,95,1992
"1284","Seth Curry",188,83,1990
"1285","Troy Daniels",193,92,1991
"1286","Luigi Datome",203,97,1987
"1287","Brandon Davies",208,108,1991
"1288","Dewayne Dedmon",213,111,1989
"1289","Matthew Dellavedova",193,89,1990
"1290","Gorgui Dieng",211,109,1990
"1291","Shane Edwards",201,99,1987
"1292","Vitor Faverani",211,117,1988
"1293","Carrick Felix",198,91,1990
"1294","Jamaal Franklin",196,86,1991
"1295","Rudy Gobert",216,111,1992
"1296","Archie Goodwin",196,90,1994
"1297","Jorge Gutierrez",190,86,1988
"1298","Justin Hamilton",213,117,1990
"1299","Elias Harris",203,108,1989
"1300","Solomon Hill",201,102,1991
"1301","Scotty Hopson",201,92,1989
"1302","Robbie Hummel",203,97,1989
"1303","Sergey Karasev",201,94,1993
"1304","Ryan Kelly",211,104,1991
"1305","Ognjen Kuzmic",216,113,1990
"1306","Shane Larkin",180,79,1992
"1307","Ricky Ledo",201,88,1992
"1308","Alex Len",216,117,1993
"1309","Ray McCallum",190,86,1991
"1310","C.J. McCollum",190,86,1991
"1311","Ben McLemore",196,88,1993
"1312","Gal Mekel",190,86,1988
"1313","Shabazz Muhammad",198,101,1992
"1314","Erik Murphy",208,104,1990
"1315","Toure' Murry",196,88,1989
"1316","Mike Muscala",211,108,1991
"1317","Nemanja Nedovic",190,87,1991
"1318","James Nunnally",201,92,1990
"1319","Victor Oladipo",193,95,1992
"1320","Kelly Olynyk",213,107,1991
"1321","Arinze Onuaku",206,115,1987
"1322","Mason Plumlee",211,111,1990
"1323","Otto Porter",203,89,1993
"1324","Phil Pressey",180,79,1991
"1325","Miroslav Raduljica",213,113,1988
"1326","Dennis Schroder",185,78,1993
"1327","Peyton Siva",183,83,1990
"1328","Tony Snell",201,90,1991
"1329","James Southerland",203,97,1990
"1330","D.J. Stephens",203,97,1990
"1331","Adonis Thomas",201,90,1993
"1332","Hollis Thompson",203,93,1991
"1333","Casper Ware",178,79,1990
"1334","Jeff Withey",213,104,1990
"1335","Nate Wolters",193,86,1991
"1336","Cody Zeller",213,108,1992
"1337","Jordan Adams",196,94,1994
"1338","Furkan Aldemir",208,108,1991
"1339","Kyle Anderson",206,104,1993
"1340","Cameron Bairstow",206,113,1990
"1341","Jerrelle Benimon",203,111,1991
"1342","Sim Bhullar",226,163,1992
"1343","Tarik Black",206,113,1991
"1344","Bojan Bogdanovic",198,92,1992
"1345","Jabari Brown",193,97,1992
"1346","Markel Brown",190,83,1974
"1347","Bruno Caboclo",206,98,1995
"1348","Clint Capela",206,98,1995
"1349","Will Cherry",183,83,1991
"1350","Patrick Christopher",196,94,1988
"1351","Jordan Clarkson",196,87,1992
"1352","Jack Cooley",206,117,1991
"1353","Bryce Cotton",185,74,1992
"1354","Andre Dawkins",196,97,1991
"1355","Spencer Dinwiddie",198,90,1993
"1356","Zoran Dragic",196,90,1989
"1357","Cleanthony Early",203,95,1991
"1358","James Ennis",201,95,1990
"1359","Tyler Ennis",190,87,1994
"1360","Dante Exum",198,86,1995
"1361","Tim Frazier",185,77,1990
"1362","Langston Galloway",188,90,1991
"1363","Aaron Gordon",206,99,1995
"1364","Drew Gordon",206,111,1990
"1365","Jerami Grant",203,95,1994
"1366","Erick Green",193,83,1991
"1367","JaMychal Green",206,102,1990
"1368","P.J. Hairston",206,102,1990
"1369","Gary Harris",193,95,1994
"1370","Joe Harris",198,99,1991
"1371","Rodney Hood",203,93,1992
"1372","Joe Ingles",203,102,1987
"1373","Cory Jefferson",206,98,1990
"1374","Grant Jerrett",208,106,1993
"1375","Nick Johnson",190,91,1992
"1376","Tyler Johnson",193,84,1992
"1377","Sean Kilpatrick",193,95,1990
"1378","Alex Kirk",213,111,1991
"1379","Joffrey Lauvergne",211,99,1991
"1380","Zach LaVine",196,85,1995
"1381","Kalin Lucas",185,88,1989
"1382","Devyn Marble",198,90,1992
"1383","James Michael",198,90,1992
"1384","K.J. McDaniels",198,90,1992
"1385","Doug McDermott",203,102,1992
"1386","Mitch McGary",208,115,1992
"1387","Jerel McNeal",190,90,1987
"1388","Elijah Millsap",198,102,1987
"1389","Nikola Mirotic",208,99,1991
"1390","Eric Moreland",208,107,1991
"1391","Shabazz Napier",185,79,1991
"1392","Nerlens Noel",211,103,1994
"1393","Lucas Nogueira",213,109,1992
"1394","Jusuf Nurkic",213,127,1994
"1395","Johnny O'Bryant",206,116,1993
"1396","Kostas Papanikolaou",203,102,1990
"1397","Jabari Parker",203,113,1995
"1398","Adreian Payne",208,107,1991
"1399","Elfrid Payton",193,83,1994
"1400","Dwight Powell",211,108,1991
"1401","Julius Randle",206,113,1994
"1402","Damjan Rudez",208,103,1986
"1403","JaKarr Sampson",211,106,1983
"1404","Marcus Smart",193,99,1994
"1405","Russ Smith",183,74,1991
"1406","Nik Stauskas",198,92,1993
"1407","David Stockton",180,74,1991
"1408","Jarnell Stokes",206,119,1994
"1409","Noah Vonleh",208,108,1995
"1410","T.J. Warren",208,108,1995
"1411","David Wear",208,104,1990
"1412","Travis Wear",208,104,1990
"1413","Shayne Whittington",211,113,1991
"1414","Andrew Wiggins",203,90,1995
"1415","C.J. Wilcox",203,90,1995
"1416","James Young",198,97,1995
"1417","Cliff Alexander",203,111,1995
"1418","Justin Anderson",198,103,1993
"1419","Thanasis Antetokounmpo",201,92,1992
"1420","Keith Appling",185,83,1992
"1421","Nemanja Bjelica",208,108,1988
"1422","Devin Booker",198,93,1996
"1423","Anthony Brown",206,111,1981
"1424","Willie Cauley-Stein",213,108,1993
"1425","Rakeem Christmas",206,113,1991
"1426","Coty Clarke",201,105,1992
"1427","Pat Connaughton",196,93,1993
"1428","Branden Dawson",198,102,1993
"1429","Bryce Dejean-Jones",198,94,1992
"1430","Sam Dekker",206,104,1994
"1431","Duje Dukan",206,99,1991
"1432","Jarell Eddie",201,98,1991
"1433","Cristiano Felicio",208,124,1992
"1434","Jerian Grant",203,95,1994
"1435","Montrezl Harrell",203,108,1994
"1436","Aaron Harrison",198,95,1994
"1437","Mario Hezonja",203,97,1995
"1438","Darrun Hilliard",198,92,1993
"1439","Rondae Hollis-Jefferson",201,99,1995
"1440","Richaun Holmes",208,111,1993
"1441","Marcelo Huertas",190,90,1983
"1442","Josh Huestis",201,104,1991
"1443","R.J. Hunter",201,104,1991
"1444","Damien Inglis",203,111,1995
"1445","Nikola Jokic",208,113,1995
"1446","Tyus Jones",188,88,1996
"1447","Frank Kaminsky",213,109,1993
"1448","Sasha Kaun",211,117,1985
"1449","Kevon Looney",206,99,1996
"1450","Trey Lyles",208,106,1995
"1451","Boban Marjanovic",221,131,1988
"1452","Jarell Martin",208,108,1994
"1453","T.J. McConnell",208,108,1994
"1454","Chris McCullough",211,90,1995
"1455","Jordan McRae",198,83,1991
"1456","Salah Mejri",216,111,1986
"1457","Jordan Mickey",203,106,1994
"1458","Luis Montero",201,83,1993
"1459","Emmanuel Mudiay",196,90,1996
"1460","Xavier Munford",196,90,1996
"1461","Raul Neto",185,81,1992
"1462","J.J. O'Brien",185,81,1992
"1463","Jahlil Okafor",211,124,1995
"1464","Kelly Oubre",201,92,1995
"1465","Lamar Patterson",196,102,1991
"1466","Cameron Payne",190,83,1994
"1467","Tibor Pleiss",221,116,1989
"1468","Bobby Portis",211,104,1995
"1469","Kristaps Porzingis",221,108,1995
"1470","Norman Powell",193,97,1993
"1471","Josh Richardson",198,90,1993
"1472","Terry Rozier",188,86,1994
"1473","D'Angelo Russell",188,86,1994
"1474","Alex Stepheson",208,122,1987
"1475","Walter Tavares",221,117,1992
"1476","Axel Toupane",201,89,1992
"1477","Karl-Anthony Towns",213,110,1995
"1478","Myles Turner",211,110,1996
"1479","Rashad Vaughn",198,91,1996
"1480","Briante Weber",188,74,1992
"1481","Justise Winslow",201,102,1996
"1482","Christian Wood",211,99,1995
"1483","Delon Wright",196,83,1992
"1484","Joe Young",188,81,1992
"1485","Alex Abrines",198,86,1993
"1486","Ron Baker",193,99,1993
"1487","Wade Baldwin",193,91,1996
"1488","Malik Beasley",196,88,1996
"1489","DeAndre' Bembry",198,95,1994
"1490","Dragan Bender",216,102,1997
"1491","Ben Bentil",206,106,1995
"1492","Davis Bertans",208,95,1992
"1493","Joel Bolomboy",206,106,1994
"1494","Malcolm Brogdon",196,97,1992
"1495","Jaylen Brown",193,97,1992
"1496","Nicolas Brussino",201,88,1993
"1497","Marquese Chriss",208,105,1997
"1498","Semaj Christon",190,86,1992
"1499","Quinn Cook",188,83,1993
"1500","Deyonta Davis",211,107,1996
"1501","Malcolm Delaney",190,86,1989
"1502","Cheick Diallo",206,99,1996
"1503","Kris Dunn",193,95,1994
"1504","Henry Ellenson",211,111,1997
"1505","Joel Embiid",213,113,1994
"1506","Kay Felder",175,79,1995
"1507","Yogi Ferrell",183,81,1993
"1508","Dorian Finney-Smith",203,99,1993
"1509","Bryn Forbes",190,86,1993
"1510","Patricio Garino",198,95,1993
"1511","Michael Gbinije",201,90,1992
"1512","Marcus Georges-Hunt",196,97,1994
"1513","Jonathan Gibson",188,83,1987
"1514","Treveon Graham",198,99,1993
"1515","A.J. Hammons",198,99,1993
"1516","Andrew Harrison",198,96,1994
"1517","Juan Hernangomez",206,104,1995
"1518","Willy Hernangomez",211,108,1994
"1519","Buddy Hield",193,97,1993
"1520","Danuel House",201,93,1993
"1521","Brandon Ingram",206,86,1997
"1522","Demetrius Jackson",185,91,1994
"1523","Pierre Jackson",178,81,1991
"1524","Brice Johnson",208,95,1979
"1525","Damian Jones",190,83,1976
"1526","Derrick Jones",203,100,1990
"1527","Mindaugas Kuzminskas",206,97,1989
"1528","Skal Labissiere",211,102,1996
"1529","Nicolas Laprovittola",193,81,1990
"1530","Jake Layman",206,95,1994
"1531","Caris LeVert",201,92,1994
"1532","Shawn Long",206,115,1993
"1533","Timothe Luwawu-Cabarrot",198,92,1995
"1534","Thon Maker",216,97,1997
"1535","Patrick McCaw",201,83,1995
"1536","Sheldon McClellan",196,90,1992
"1537","Rodney McGruder",193,92,1991
"1538","Dejounte Murray",196,77,1996
"1539","Jamal Murray",193,93,1997
"1540","Maurice Ndour",206,90,1992
"1541","Georges Niang",203,104,1993
"1542","David Nwaba",193,94,1993
"1543","Daniel Ochefu",211,111,1993
"1544","Chinanu Onuaku",208,111,1996
"1545","Georgios Papagiannis",216,108,1997
"1546","Marshall Plumlee",211,111,1990
"1547","Jakob Poeltl",213,112,1995
"1548","Alex Poythress",201,107,1993
"1549","Tim Quarterman",198,88,1994
"1550","Chasson Randle",188,83,1993
"1551","Malachi Richardson",198,92,1996
"1552","Domantas Sabonis",211,108,1996
"1553","Dario Saric",208,101,1994
"1554","Tomas Satoransky",201,95,1991
"1555","Wayne Selden",196,104,1994
"1556","Pascal Siakam",206,104,1994
"1557","Diamond Stone",211,115,1997
"1558","Edy Tavares",211,115,1997
"1559","Isaiah Taylor",190,77,1994
"1560","Mike Tobey",213,117,1994
"1561","Tyler Ulis",178,68,1996
"1562","Jarrod Uthoff",206,100,1993
"1563","Denzel Valentine",198,96,1993
"1564","Fred VanVleet",183,88,1994
"1565","Taurean Waller-Prince",183,88,1994
"1566","Okaro White",203,92,1992
"1567","Isaiah Whitehead",193,96,1995
"1568","Kyle Wiltjer",208,108,1992
"1569","Stephen Zimmerman",213,108,1996
"1570","Paul Zipser",203,97,1994
"1571","Ivica Zubac",216,120,1997
